name,level,h,information,aic,bic,daic,dbic,alpha,lr,df,pct_correct
IV:ApZ,1,9.639573083622945,0.08716028299944047,49.165215313455896,45.11548185822394,-49.165215313455896,-45.11548185822394,0.0,51.165215313455896,725594113.0,66.98113207547189
IV:SxZ,1,9.723642575180206,0.0029813222469654782,-0.24989101187562612,-4.299624467107584,0.24989101187562612,4.299624467107584,0.18611359807155625,1.7501089881243739,725594113.0,53.53773584905668
IV:EdZ,1,9.700869955849264,0.02578359443133747,11.135599785084139,3.0361328746202236,-11.135599785084139,-3.0361328746202236,0.0005168282764280667,15.135599785084139,725594114.0,56.36792452830197
IV:AgZ,1,9.71435565958423,0.012280330590945972,3.2088540466327213,-4.890612863831194,-3.2088540466327213,4.890612863831194,0.02720302704872148,7.208854046632721,725594114.0,55.89622641509434
IV:AZ,1,9.719692874555836,0.0069361658850571935,0.0716988144827031,-8.027768095981212,-0.0716988144827031,8.027768095981212,0.1305695286850425,4.071698814482703,725594114.0,55.18867924528303
IV:BZ,1,9.716863463745693,0.009769260948769678,-0.26520517492645457,-12.414405540622326,0.26520517492645457,12.414405540622326,0.1235226429680969,5.734794825073545,725594115.0,52.12264150943403
IV:CZ,1,9.699784698644626,0.026870264779204678,11.773501824981492,3.674034914517577,-11.773501824981492,-3.674034914517577,0.0003756882381042437,15.773501824981492,725594114.0,58.01886792452831
IV:DZ,1,9.718774528211743,0.007855708033161685,0.6114925184323114,-7.487974392031604,-0.6114925184323114,7.487974392031604,0.09968438250030826,4.6114925184323114,725594114.0,54.95283018867924
IV:EZ,1,9.718373191715127,0.008257567121058348,0.8473936198322889,-7.2520732906316265,-0.8473936198322889,7.2520732906316265,0.0885934980134978,4.847393619832289,725594114.0,55.4245283018868
IV:FZ,1,9.72315440694438,0.003470126140066357,-1.9629511858917836,-10.0624180963557,1.9629511858917836,10.0624180963557,0.36112742429140826,2.0370488141082164,725594114.0,52.122641509433954
IV:GZ,1,9.724162485627115,0.002460734810375665,-2.5554885543109673,-10.654955464774883,2.5554885543109673,10.654955464774883,0.48565551521320555,1.4445114456890324,725594114.0,52.122641509433954
IV:HZ,1,9.724986079243306,0.001636068770304059,-3.03958766516665,-11.139054575630565,3.03958766516665,11.139054575630565,0.6186558319825621,0.9604123348333504,725594114.0,52.122641509433976
IV:JZ,1,9.711129343333198,0.015510847917028905,3.105246633654774,-9.043953732041098,-3.105246633654774,9.043953732041098,0.027617147097836137,9.105246633654774,725594115.0,54.71698113207547
IV:KZ,1,9.700957638235053,0.025695797871904014,9.084061059960653,-3.0651393057352188,-9.084061059960653,3.0651393057352188,0.0017810524492303248,15.084061059960653,725594115.0,56.60377358490566
IV:LZ,1,9.716347312201293,0.010286084588279095,2.0381829266788714,-6.061283983785044,-2.0381829266788714,6.061283983785044,0.048845576205287226,6.038182926678871,725594114.0,54.716981132075496
IV:MZ,1,9.724840795482715,0.001781541708872925,-2.954191496544699,-11.053658407008614,2.954191496544699,11.053658407008614,0.5927964155108401,1.045808503455301,725594114.0,52.35849056603773
IV:NZ,1,9.717952812185628,0.008678494038295351,-0.905511997146963,-13.054712362842835,0.905511997146963,13.054712362842835,0.1631815150717666,5.094488002853037,725594115.0,52.12264150943417
IV:PZ,1,9.72436402699968,0.0022589310052509057,-4.673952317678387,-16.82315268337426,4.673952317678387,16.82315268337426,0.7269480430754722,1.3260476823216132,725594115.0,52.8301886792453
IV:ApPZ,2,9.636510330715565,0.09022702400154745,38.965467197498235,10.617333010874532,-38.965467197498235,-10.617333010874532,0.0,52.965467197498235,725594119.0,66.98113207547169
IV:SxPZ,2,9.716136740301016,0.010496930680014433,-7.838045266824028,-36.18617945344773,7.838045266824028,36.18617945344773,0.5221103878226367,6.161954733175972,725594119.0,54.481132075471706
IV:EdPZ,2,9.690639146559072,0.03602772553945249,-0.8508450059528379,-45.397913013504365,0.8508450059528379,45.397913013504365,0.03185719776952045,21.149154994047162,725594123.0,57.31132075471699
IV:AgPZ,2,9.687698568471921,0.038972132634138165,0.8775938860024226,-43.66947412154911,-0.8775938860024226,43.66947412154911,0.018413572372524944,22.877593886002423,725594123.0,57.547169811320764
IV:APZ,2,9.708904726871333,0.017738361113121784,-11.587148705488536,-56.13421671304007,11.587148705488536,56.13421671304007,0.4941459932931739,10.412851294511464,725594123.0,55.89622641509433
IV:BPZ,2,9.702911479451664,0.023739412504952293,-16.064384941950813,-76.81038677043017,16.064384941950813,76.81038677043017,0.5308823007016876,13.935615058049189,725594127.0,54.009433962264154
IV:CPZ,2,9.689624106910054,0.03704408689949028,-0.2542160594526983,-44.80128406700423,0.2542160594526983,44.80128406700423,0.02643300153300543,21.7457839405473,725594123.0,58.490566037735846
IV:DPZ,2,9.710515747243061,0.016125242987496482,-12.534088451246209,-57.081156458797736,12.534088451246209,57.081156458797736,0.5799082793305039,9.465911548753791,725594123.0,56.13207547169811
IV:EPZ,2,9.708736599253436,0.017906707654610336,-11.488325173185496,-56.035393180737024,11.488325173185496,56.035393180737024,0.4854480165875845,10.511674826814504,725594123.0,56.36792452830189
IV:FPZ,2,9.706205947887142,0.020440654251591923,-10.000836620306496,-54.547904627858024,10.000836620306496,54.547904627858024,0.36341241406964,11.999163379693504,725594123.0,56.367924528301884
IV:GPZ,2,9.701462613195673,0.025190165369510832,-7.212757570775031,-51.75982557832656,7.212757570775031,51.75982557832656,0.19173067982241676,14.78724242922497,725594123.0,56.13207547169813
IV:HPZ,2,9.712846449292678,0.013791506066691921,-13.904049033392248,-58.45111704094378,13.904049033392248,58.45111704094378,0.7059658917756085,8.095950966607752,725594123.0,54.009433962264154
IV:JPZ,2,9.701711831423498,0.02494062262778247,-15.359245256118179,-76.10524708459755,15.359245256118179,76.10524708459755,0.47780631014569575,14.640754743881821,725594127.0,56.36792452830189
IV:KPZ,2,9.68519410229517,0.041479859945121086,-5.650308922496965,-66.39631075097633,5.650308922496965,66.39631075097633,0.05932365567372566,24.349691077503035,725594127.0,58.25471698113207
IV:LPZ,2,9.706210727048738,0.02043586886691803,-10.003645758009721,-54.550713765561255,10.003645758009721,54.550713765561255,0.36362471241828465,11.996354241990279,725594123.0,55.896226415094354
IV:MPZ,2,9.71637114036962,0.010262225392638954,-15.975823004005653,-60.522891011557185,15.975823004005653,60.522891011557185,0.8722157932647365,6.024176995994347,725594123.0,55.18867924528301
IV:NPZ,2,9.702029223474067,0.024622817292302587,-15.545804751544527,-76.29180658002389,15.545804751544527,76.29180658002389,0.49168007949325,14.454195248455473,725594127.0,54.716981132075496
IV:ApNZ,2,9.629216788389957,0.09753006344904594,43.25252975529559,14.904395568671887,-43.25252975529559,-14.904395568671887,0.0,57.25252975529559,725594119.0,67.21698113207559
IV:SxNZ,2,9.711114947897038,0.015525262097882363,-4.886291890067792,-33.23442607669149,4.886291890067792,33.23442607669149,0.24367352776840423,9.113708109932208,725594119.0,54.24528301886795
IV:EdNZ,2,9.687701971204982,0.038968725470285286,0.8755937975889658,-43.67147420996257,-0.8755937975889658,43.67147420996257,0.018425495572026218,22.875593797588966,725594123.0,56.36792452830191
IV:AgNZ,2,9.690508333508257,0.03615870892553538,-0.773954558597822,-45.32102256614935,0.773954558597822,45.32102256614935,0.031104861327816313,21.226045441402178,725594123.0,57.78301886792453
IV:ANZ,2,9.709715639823823,0.016926392248592156,-12.063794264128443,-56.61086227167998,12.063794264128443,56.61086227167998,0.5368512086196028,9.936205735871557,725594123.0,55.66037735849058
IV:BNZ,2,9.694204341719438,0.03245788804049528,-10.946426823526412,-71.69242865200577,10.946426823526412,71.69242865200577,0.2107347817502786,19.053573176473588,725594127.0,55.42452830188683
IV:CNZ,2,9.683826240429996,0.04284950294081994,3.153704974267786,-41.39336303328375,-3.153704974267786,41.39336303328375,0.008650700123835953,25.153704974267786,725594123.0,58.254716981132084
IV:DNZ,2,9.704080790924873,0.022568578439140976,-8.751693140272627,-53.29876114782416,8.751693140272627,53.29876114782416,0.2767656497280907,13.248306859727373,725594123.0,56.60377358490567
IV:ENZ,2,9.702957290974025,0.023693541330149618,-8.091312442122824,-52.63838044967436,8.091312442122824,52.63838044967436,0.23737231236467982,13.908687557877176,725594123.0,55.4245283018868
IV:FNZ,2,9.712566069681937,0.014072250767429115,-13.739245035894644,-58.28631304344617,13.739245035894644,58.28631304344617,0.6910475903683557,8.260754964105356,725594123.0,54.48113207547169
IV:GNZ,2,9.709363454630987,0.017279036031446447,-11.856783749043183,-56.40385175659471,11.856783749043183,56.40385175659471,0.5181632622570406,10.143216250956817,725594123.0,54.245283018867916
IV:HNZ,2,9.714056041021651,0.01258033929508891,-14.615033515280277,-59.16210152283181,14.615033515280277,59.16210152283181,0.7682911436747261,7.384966484719722,725594123.0,52.59433962264152
IV:JNZ,2,9.677100093570225,0.04958440810125386,-0.8927411730959278,-61.63874300157529,0.8927411730959278,61.63874300157529,0.015594798985124503,29.107258826904072,725594127.0,59.43396226415095
IV:KNZ,2,9.66958555100538,0.057108735558474795,3.524222852137086,-57.22177897634228,-3.524222852137086,57.22177897634228,0.003913186755196252,33.524222852137086,725594127.0,60.141509433962284
IV:LNZ,2,9.70362248270716,0.023027483432578478,-8.482304698775705,-53.02937270632724,8.482304698775705,53.02937270632724,0.26015878586249774,13.517695301224295,725594123.0,56.132075471698116
IV:MNZ,2,9.702285784395526,0.0243659222958175,-7.696608390034241,-52.24367639758577,7.696608390034241,52.24367639758577,0.21593036338620153,14.30339160996576,725594123.0,53.77358490566038
IV:NPZ,2,9.702029223474067,0.024622817292302587,-15.545804751544527,-76.29180658002389,15.545804751544527,76.29180658002389,0.49168007949325,14.454195248455473,725594127.0,54.716981132075496
IV:ApBZ,2,9.626928813324145,0.09982101775006548,44.59737589451367,16.249241707889965,-44.59737589451367,-16.249241707889965,0.0,58.59737589451367,725594119.0,67.45283018867924
IV:SxBZ,2,9.712186753809458,0.014452060557529369,-5.516287410931875,-33.86442159755558,5.516287410931875,33.86442159755558,0.29116312487304685,8.483712589068125,725594119.0,54.481132075471706
IV:EdBZ,2,9.68167903699593,0.04499950230748236,4.4158071237041625,-40.13126088384737,-4.4158071237041625,40.13126088384737,0.005600840325403089,26.415807123704163,725594123.0,56.60377358490567
IV:AgBZ,2,9.689106330425409,0.0375625375951254,0.050127163844919664,-44.49694084370661,-0.050127163844919664,44.49694084370661,0.024007063122720718,22.05012716384492,725594123.0,57.31132075471699
IV:ABZ,2,9.694248607125026,0.03241356499570613,-2.9724455335620306,-47.51951354111356,2.9724455335620306,47.51951354111356,0.060449430601512644,19.02755446643797,725594123.0,56.132075471698116
IV:BCZ,2,9.673165084265541,0.05352454128968837,9.42021325995977,-35.126854747591764,-9.42021325995977,35.126854747591764,0.0008973833960854716,31.42021325995977,725594123.0,61.08490566037737
IV:BDZ,2,9.698048068556899,0.028609156180692156,-5.205726443880426,-49.75279445143195,5.205726443880426,49.75279445143195,0.11364112061549081,16.794273556119574,725594123.0,57.07547169811321
IV:BEZ,2,9.701948310763512,0.02470383536152128,-7.498245165765287,-52.04531317331681,7.498245165765287,52.04531317331681,0.2057355892127195,14.501754834234713,725594123.0,55.89622641509434
IV:BFZ,2,9.690259031596728,0.03640833545993412,-0.6274176849102382,-45.17448569246177,0.6274176849102382,45.17448569246177,0.02971611309846356,21.372582315089762,725594123.0,57.54716981132076
IV:BGZ,2,9.707006770547292,0.019638788818249573,-10.471551218028056,-55.018619225579585,10.471551218028056,55.018619225579585,0.4000148694706721,11.528448781971944,725594123.0,53.77358490566038
IV:BHZ,2,9.710578011062267,0.016062898092860198,-12.5706864273884,-57.11775443493993,12.5706864273884,57.11775443493993,0.5832843097540489,9.4293135726116,725594123.0,52.830188679245296
IV:BJZ,2,9.688908862931534,0.037760262216850374,-7.8338036530915645,-68.57980548157093,7.8338036530915645,68.57980548157093,0.1032404851585963,22.166196346908436,725594127.0,56.36792452830189
IV:BKZ,2,9.68051075708485,0.046169303467940126,-2.8974910186488607,-63.64349284712823,2.8974910186488607,63.64349284712823,0.027943064531708917,27.10250898135114,725594127.0,57.78301886792454
IV:BLZ,2,9.699765157036914,0.02688983183258065,-6.21501183669354,-50.76207984424507,6.21501183669354,50.76207984424507,0.14868403279647913,15.78498816330646,725594123.0,55.660377358490564
IV:BMZ,2,9.70657808057077,0.020068037003770117,-10.219572047248977,-54.766640054800504,10.219572047248977,54.766640054800504,0.3801665897767206,11.780427952751023,725594123.0,54.24528301886794
IV:BNZ,2,9.694204341719438,0.03245788804049528,-10.946426823526412,-71.69242865200577,10.946426823526412,71.69242865200577,0.2107347817502786,19.053573176473588,725594127.0,55.42452830188683
IV:BPZ,2,9.702911479451664,0.023739412504952293,-16.064384941950813,-76.81038677043017,16.064384941950813,76.81038677043017,0.5308823007016876,13.935615058049189,725594127.0,54.009433962264154
IV:ApHZ,2,9.63258268219118,0.09415978682500947,45.274095046268314,25.025427770108525,-45.274095046268314,-25.025427770108525,0.0,55.274095046268314,725594117.0,66.9811320754717
IV:SxHZ,2,9.72014500750939,0.0064834441967604305,-6.19405987584789,-26.44272715200768,6.19405987584789,26.44272715200768,0.5799686831773639,3.8059401241521096,725594117.0,54.245283018867916
IV:EdHZ,2,9.69362161929886,0.03304136923995063,3.3960908941097045,-29.001776747745957,-3.3960908941097045,29.001776747745957,0.01289982019772451,19.396090894109705,725594120.0,56.36792452830189
IV:AgHZ,2,9.697968169858218,0.02868915891766454,0.8412371170672159,-31.556630524788446,-0.8412371170672159,31.556630524788446,0.03175949063684069,16.841237117067216,725594120.0,58.25471698113207
IV:AHZ,2,9.714237141321767,0.012399003179295232,-8.721482245015919,-41.11934988687158,8.721482245015919,41.11934988687158,0.5077539853275388,7.278517754984081,725594120.0,55.18867924528301
IV:BHZ,2,9.710578011062267,0.016062898092860198,-12.5706864273884,-57.11775443493993,12.5706864273884,57.11775443493993,0.5832843097540489,9.4293135726116,725594123.0,52.830188679245296
IV:CHZ,2,9.69351271605349,0.03315041429122829,3.4601030030139874,-28.937764638841674,-3.4601030030139874,28.937764638841674,0.012604130284097126,19.460103003013987,725594120.0,58.490566037735846
IV:DHZ,2,9.716480686701102,0.010152536417868835,-10.040213111730077,-42.43808075358574,10.040213111730077,42.43808075358574,0.6534094628151657,5.959786888269923,725594120.0,55.42452830188679
IV:EHZ,2,9.712718117648471,0.013920004815059776,-7.828617129071869,-40.22648477092753,7.828617129071869,40.22648477092753,0.41705369932980396,8.17138287092813,725594120.0,55.42452830188679
IV:FHZ,2,9.709318419233437,0.017324130070825037,-5.830312446349341,-38.228180088205,5.830312446349341,38.228180088205,0.2524863518992063,10.16968755365066,725594120.0,57.31132075471699
IV:GHZ,2,9.710749330217844,0.015891355857903258,-6.671385909823304,-39.06925355167897,6.671385909823304,39.06925355167897,0.3147765890166828,9.328614090176696,725594120.0,54.24528301886793
IV:HJZ,2,9.699766642776595,0.026888344158277563,-6.215885137851066,-50.7629531454026,6.215885137851066,50.7629531454026,0.14871789007636405,15.784114862148934,725594123.0,55.89622641509434
IV:HKZ,2,9.691101747487767,0.03556452224537493,-1.1227566549264019,-45.669824662477936,1.1227566549264019,45.669824662477936,0.03465376906880113,20.877243345073598,725594123.0,57.78301886792453
IV:HLZ,2,9.706393430821972,0.0202529271900801,-4.111036991299743,-36.5089046331554,4.111036991299743,36.5089046331554,0.15538208146399413,11.888963008700257,725594120.0,55.660377358490564
IV:HMZ,2,9.712380287584798,0.01425827477654231,-7.630044398262363,-40.027912040118025,7.630044398262363,40.027912040118025,0.39818950417302923,8.369955601737637,725594120.0,54.952830188679236
IV:HNZ,2,9.714056041021651,0.01258033929508891,-14.615033515280277,-59.16210152283181,14.615033515280277,59.16210152283181,0.7682911436747261,7.384966484719722,725594123.0,52.59433962264152
IV:HPZ,2,9.712846449292678,0.013791506066691921,-13.904049033392248,-58.45111704094378,13.904049033392248,58.45111704094378,0.7059658917756085,8.095950966607752,725594123.0,54.009433962264154
IV:ApMZ,2,9.63406792420081,0.09267261084094304,44.40108641418014,24.152419138020353,-44.40108641418014,-24.152419138020353,0.0,54.40108641418014,725594117.0,66.98113207547169
IV:SxMZ,2,9.721519553180183,0.005107108692275417,-7.002002438757899,-27.250669714917688,7.002002438757899,27.250669714917688,0.7030299220487943,2.9979975612421006,725594117.0,54.00943396226414
IV:EdMZ,2,9.683431971161236,0.04324428559842963,9.385452038222912,-23.01241560363275,-9.385452038222912,23.01241560363275,0.001304395097336708,25.385452038222912,725594120.0,57.78301886792453
IV:AgMZ,2,9.709528477164229,0.017113798617829128,-5.953782147334557,-38.35164978919022,5.953782147334557,38.35164978919022,0.2609926675732439,10.046217852665443,725594120.0,57.0754716981132
IV:AMZ,2,9.70734170900459,0.019303414228381954,-4.668424294970096,-37.066291936825756,4.668424294970096,37.066291936825756,0.18270883763126378,11.331575705029904,725594120.0,57.31132075471699
IV:BMZ,2,9.70657808057077,0.020068037003770117,-10.219572047248977,-54.766640054800504,10.219572047248977,54.766640054800504,0.3801665897767206,11.780427952751023,725594123.0,54.24528301886794
IV:CMZ,2,9.68313605368867,0.043540588393267535,9.559389017018145,-22.838478624837517,-9.559389017018145,22.838478624837517,0.0012160552117214118,25.559389017018145,725594120.0,59.43396226415094
IV:DMZ,2,9.710497201790943,0.01614381258815731,-6.52318764203128,-38.92105528388694,6.52318764203128,38.92105528388694,0.3030574841047796,9.47681235796872,725594120.0,55.4245283018868
IV:EMZ,2,9.715034141074435,0.0116009656313479,-9.1899497805012,-41.58781742235686,9.1899497805012,41.58781742235686,0.558469161626721,6.8100502194988,725594120.0,55.42452830188679
IV:FMZ,2,9.713565167205353,0.013071852291673023,-8.326503379372511,-40.72437102122817,8.326503379372511,40.72437102122817,0.466528267746687,7.673496620627489,725594120.0,53.77358490566038
IV:GMZ,2,9.70919741924254,0.01744528761913451,-5.759190005797553,-38.15705764765322,5.759190005797553,38.15705764765322,0.24768465065993095,10.240809994202447,725594120.0,54.71698113207548
IV:HMZ,2,9.712380287584798,0.01425827477654231,-7.630044398262363,-40.027912040118025,7.630044398262363,40.027912040118025,0.39818950417302923,8.369955601737637,725594120.0,54.952830188679236
IV:JMZ,2,9.697848162542282,0.028809322498423773,-5.088223925614102,-49.63529193316563,5.088223925614102,49.63529193316563,0.11006230227125557,16.911776074385898,725594123.0,55.896226415094354
IV:KMZ,2,9.690596121539812,0.03607080658277176,-0.8255553811202425,-45.37262338867177,0.8255553811202425,45.37262338867177,0.03160792527766032,21.174444618879757,725594123.0,57.54716981132076
IV:LMZ,2,9.694169717872175,0.03249255697242132,3.0739246864233074,-29.323942955432354,-3.0739246864233074,29.323942955432354,0.014490244060799351,19.073924686423307,725594120.0,59.19811320754717
IV:MNZ,2,9.702285784395526,0.0243659222958175,-7.696608390034241,-52.24367639758577,7.696608390034241,52.24367639758577,0.21593036338620153,14.30339160996576,725594123.0,53.77358490566038
IV:MPZ,2,9.71637114036962,0.010262225392638954,-15.975823004005653,-60.522891011557185,15.975823004005653,60.522891011557185,0.8722157932647365,6.024176995994347,725594123.0,55.18867924528301
IV:ApBPZ,3,9.603751021430964,0.12302899008300397,10.221022589317869,-115.32071452287283,-10.221022589317869,115.32071452287283,0.0,72.22102258931787,725594143.0,68.16037735849058
IV:SxBPZ,3,9.691590213974749,0.0350754197127577,-41.40987178960165,-166.95160890179235,41.40987178960165,166.95160890179235,0.9222366181157495,20.590128210398348,725594143.0,56.60377358490567
IV:EdBPZ,3,9.656027607273629,0.0706843334613358,-52.50656954773107,-242.84404194363307,52.50656954773107,242.84404194363307,0.6996328575805653,41.49343045226893,725594159.0,58.01886792452834
IV:AgBPZ,3,9.632702682974319,0.09403962978555241,-38.7964400711462,-229.13391246704822,38.7964400711462,229.13391246704822,0.19212135584247336,55.2035599288538,725594159.0,61.08490566037739
IV:ABPZ,3,9.662183603333528,0.06452032150979822,-56.124995140694786,-246.4624675365968,56.124995140694786,246.4624675365968,0.8266299743782761,37.875004859305214,725594159.0,59.198113207547195
IV:BCPZ,3,9.648134110412549,0.07858810866159413,-47.866860428005445,-238.20433282390746,47.866860428005445,238.20433282390746,0.5084681557837007,46.133139571994555,725594159.0,62.50000000000002
IV:BDPZ,3,9.668556976827595,0.058138649070961494,-59.87119275681685,-250.20866515271888,59.87119275681685,250.20866515271888,0.9195029945969456,34.12880724318315,725594159.0,58.254716981132084
IV:BEPZ,3,9.666933062029436,0.05976467841320528,-58.9166738115028,-249.2541462074048,58.9166738115028,249.2541462074048,0.899946211926751,35.0833261884972,725594159.0,58.01886792452833
IV:BFPZ,3,9.646702830497802,0.08002125228525074,-47.025570111406,-237.36304250730802,47.025570111406,237.36304250730802,0.4736096878308471,46.974429888594,725594159.0,61.08490566037737
IV:BGPZ,3,9.66141763306742,0.06528728916683775,-55.67476639016243,-246.01223878606444,55.67476639016243,246.01223878606444,0.812622678137871,38.32523360983757,725594159.0,57.78301886792454
IV:BHPZ,3,9.66648223572539,0.060216091750571,-58.651683155129746,-248.98915555103176,58.651683155129746,248.98915555103176,0.8940188577519672,35.348316844870254,725594159.0,57.78301886792456
IV:BJPZ,3,9.656988188673997,0.06972250126152847,-85.07118854511171,-340.2043962247251,85.07118854511171,340.2043962247251,0.9859895180196905,40.92881145488829,725594175.0,58.72641509433964
IV:BKPZ,3,9.64438876768848,0.08233832829934833,-77.66538988849749,-332.79859756811084,77.66538988849749,332.79859756811084,0.9135923079744424,48.334610111502506,725594175.0,60.37735849056607
IV:BLPZ,3,9.658209645614502,0.06849945382837595,-53.78914726555574,-244.12661966145777,53.78914726555574,244.12661966145777,0.7481122273921952,40.21085273444426,725594159.0,58.96226415094342
IV:BMPZ,3,9.663314392921034,0.0633880594900955,-56.78966060569459,-247.1271330015966,56.78966060569459,247.1271330015966,0.8462352426202435,37.21033939430541,725594159.0,57.78301886792454
IV:BNPZ,3,9.657413645017028,0.06929649092010172,-85.32126702231214,-340.4544747019255,85.32126702231214,340.4544747019255,0.9870313186075276,40.67873297768786,725594175.0,57.31132075471701
IV:ApBPZ,3,9.603751021430964,0.12302899008300397,10.221022589317869,-115.32071452287283,-10.221022589317869,115.32071452287283,0.0,72.22102258931787,725594143.0,68.16037735849058
IV:SxBPZ,3,9.691590213974749,0.0350754197127577,-41.40987178960165,-166.95160890179235,41.40987178960165,166.95160890179235,0.9222366181157495,20.590128210398348,725594143.0,56.60377358490567
IV:EdBPZ,3,9.656027607273629,0.0706843334613358,-52.50656954773107,-242.84404194363307,52.50656954773107,242.84404194363307,0.6996328575805653,41.49343045226893,725594159.0,58.01886792452834
IV:AgBPZ,3,9.632702682974319,0.09403962978555241,-38.7964400711462,-229.13391246704822,38.7964400711462,229.13391246704822,0.19212135584247336,55.2035599288538,725594159.0,61.08490566037739
IV:ABPZ,3,9.662183603333528,0.06452032150979822,-56.124995140694786,-246.4624675365968,56.124995140694786,246.4624675365968,0.8266299743782761,37.875004859305214,725594159.0,59.198113207547195
IV:BCPZ,3,9.648134110412549,0.07858810866159413,-47.866860428005445,-238.20433282390746,47.866860428005445,238.20433282390746,0.5084681557837007,46.133139571994555,725594159.0,62.50000000000002
IV:BDPZ,3,9.668556976827595,0.058138649070961494,-59.87119275681685,-250.20866515271888,59.87119275681685,250.20866515271888,0.9195029945969456,34.12880724318315,725594159.0,58.254716981132084
IV:BEPZ,3,9.666933062029436,0.05976467841320528,-58.9166738115028,-249.2541462074048,58.9166738115028,249.2541462074048,0.899946211926751,35.0833261884972,725594159.0,58.01886792452833
IV:BFPZ,3,9.646702830497802,0.08002125228525074,-47.025570111406,-237.36304250730802,47.025570111406,237.36304250730802,0.4736096878308471,46.974429888594,725594159.0,61.08490566037737
IV:BGPZ,3,9.66141763306742,0.06528728916683775,-55.67476639016243,-246.01223878606444,55.67476639016243,246.01223878606444,0.812622678137871,38.32523360983757,725594159.0,57.78301886792454
IV:BHPZ,3,9.66648223572539,0.060216091750571,-58.651683155129746,-248.98915555103176,58.651683155129746,248.98915555103176,0.8940188577519672,35.348316844870254,725594159.0,57.78301886792456
IV:BJPZ,3,9.656988188673997,0.06972250126152847,-85.07118854511171,-340.2043962247251,85.07118854511171,340.2043962247251,0.9859895180196905,40.92881145488829,725594175.0,58.72641509433964
IV:BKPZ,3,9.64438876768848,0.08233832829934833,-77.66538988849749,-332.79859756811084,77.66538988849749,332.79859756811084,0.9135923079744424,48.334610111502506,725594175.0,60.37735849056607
IV:BLPZ,3,9.658209645614502,0.06849945382837595,-53.78914726555574,-244.12661966145777,53.78914726555574,244.12661966145777,0.7481122273921952,40.21085273444426,725594159.0,58.96226415094342
IV:BMPZ,3,9.663314392921034,0.0633880594900955,-56.78966060569459,-247.1271330015966,56.78966060569459,247.1271330015966,0.8462352426202435,37.21033939430541,725594159.0,57.78301886792454
IV:BNPZ,3,9.657413645017028,0.06929649092010172,-85.32126702231214,-340.4544747019255,85.32126702231214,340.4544747019255,0.9870313186075276,40.67873297768786,725594175.0,57.31132075471701
IV:ApNPZ,3,9.609143594813577,0.11762939488239972,7.051328302687409,-118.4904088095033,-7.051328302687409,118.4904088095033,0.0,69.05132830268741,725594143.0,67.9245283018868
IV:SxNPZ,3,9.688557773956973,0.03811180835401346,-39.62743748284085,-165.16917459503156,39.62743748284085,165.16917459503156,0.871125897243625,22.37256251715915,725594143.0,57.311320754717
IV:EdNPZ,3,9.6671180538849,0.059579445674762255,-59.02540995392215,-249.36288234982416,59.02540995392215,249.36288234982416,0.90231545463446,34.97459004607785,725594159.0,58.49056603773588
IV:AgNPZ,3,9.650458907632515,0.07626028425928154,-49.23335021736289,-239.5708226132649,49.23335021736289,239.5708226132649,0.5657335292824974,44.76664978263711,725594159.0,60.141509433962284
IV:ANPZ,3,9.674604280794489,0.05208347074339111,-63.42573035387237,-253.7632027497744,63.42573035387237,253.7632027497744,0.9694222408227383,30.574269646127632,725594159.0,58.254716981132084
IV:BNPZ,3,9.657413645017028,0.06929649092010172,-85.32126702231214,-340.4544747019255,85.32126702231214,340.4544747019255,0.9870313186075276,40.67873297768786,725594175.0,57.31132075471701
IV:CNPZ,3,9.660441976363046,0.06626421630061873,-55.101286297793045,-245.43875869369506,55.101286297793045,245.43875869369506,0.7939660847659878,38.898713702206955,725594159.0,59.43396226415098
IV:DNPZ,3,9.672264828529737,0.05442596927322506,-62.050626493193334,-252.38809888909535,62.050626493193334,252.38809888909535,0.9540885408892811,31.949373506806666,725594159.0,58.254716981132106
IV:ENPZ,3,9.680806122080314,0.04587355386959835,-67.07110325758713,-257.40857565348915,67.07110325758713,257.40857565348915,0.9918100879602846,26.928896742412878,725594159.0,58.01886792452833
IV:FNPZ,3,9.677140737364361,0.049543711383716126,-64.91663114044933,-255.25410353635132,64.91663114044933,255.25410353635132,0.9813236379434,29.083368859550678,725594159.0,57.783018867924554
IV:GNPZ,3,9.663274585098012,0.06342791914797773,-56.76626201280708,-247.1037344087091,56.76626201280708,247.1037344087091,0.8455672960552184,37.23373798719292,725594159.0,58.254716981132106
IV:HNPZ,3,9.681831680478451,0.044846660063688544,-67.67391500710572,-258.01138740300775,67.67391500710572,258.01138740300775,0.9936708945876922,26.326084992894277,725594159.0,56.83962264150946
IV:JNPZ,3,9.65555281283261,0.07115974614524335,-84.22749068867051,-339.36069836828386,84.22749068867051,339.36069836828386,0.9819756129289845,41.77250931132948,725594175.0,60.141509433962284
IV:KNPZ,3,9.637468896511084,0.08926721003116382,-73.59796704990842,-328.73117472952174,73.59796704990842,328.73117472952174,0.8272411568012639,52.40203295009158,725594175.0,61.084905660377366
IV:LNPZ,3,9.67010893583205,0.05658466921803973,-60.783416891839735,-251.12088928774176,60.783416891839735,251.12088928774176,0.9356267771182413,33.216583108160265,725594159.0,58.01886792452833
IV:MNPZ,3,9.669054720921691,0.05764025685060253,-60.1637611651294,-250.50123356103143,60.1637611651294,250.50123356103143,0.9249427411927328,33.8362388348706,725594159.0,57.5471698113208
IV:ApNPZ,3,9.609143594813577,0.11762939488239972,7.051328302687409,-118.4904088095033,-7.051328302687409,118.4904088095033,0.0,69.05132830268741,725594143.0,67.9245283018868
IV:SxNPZ,3,9.688557773956973,0.03811180835401346,-39.62743748284085,-165.16917459503156,39.62743748284085,165.16917459503156,0.871125897243625,22.37256251715915,725594143.0,57.311320754717
IV:EdNPZ,3,9.6671180538849,0.059579445674762255,-59.02540995392215,-249.36288234982416,59.02540995392215,249.36288234982416,0.90231545463446,34.97459004607785,725594159.0,58.49056603773588
IV:AgNPZ,3,9.650458907632515,0.07626028425928154,-49.23335021736289,-239.5708226132649,49.23335021736289,239.5708226132649,0.5657335292824974,44.76664978263711,725594159.0,60.141509433962284
IV:ANPZ,3,9.674604280794489,0.05208347074339111,-63.42573035387237,-253.7632027497744,63.42573035387237,253.7632027497744,0.9694222408227383,30.574269646127632,725594159.0,58.254716981132084
IV:BNPZ,3,9.657413645017028,0.06929649092010172,-85.32126702231214,-340.4544747019255,85.32126702231214,340.4544747019255,0.9870313186075276,40.67873297768786,725594175.0,57.31132075471701
IV:CNPZ,3,9.660441976363046,0.06626421630061873,-55.101286297793045,-245.43875869369506,55.101286297793045,245.43875869369506,0.7939660847659878,38.898713702206955,725594159.0,59.43396226415098
IV:DNPZ,3,9.672264828529737,0.05442596927322506,-62.050626493193334,-252.38809888909535,62.050626493193334,252.38809888909535,0.9540885408892811,31.949373506806666,725594159.0,58.254716981132106
IV:ENPZ,3,9.680806122080314,0.04587355386959835,-67.07110325758713,-257.40857565348915,67.07110325758713,257.40857565348915,0.9918100879602846,26.928896742412878,725594159.0,58.01886792452833
IV:FNPZ,3,9.677140737364361,0.049543711383716126,-64.91663114044933,-255.25410353635132,64.91663114044933,255.25410353635132,0.9813236379434,29.083368859550678,725594159.0,57.783018867924554
IV:GNPZ,3,9.663274585098012,0.06342791914797773,-56.76626201280708,-247.1037344087091,56.76626201280708,247.1037344087091,0.8455672960552184,37.23373798719292,725594159.0,58.254716981132106
IV:HNPZ,3,9.681831680478451,0.044846660063688544,-67.67391500710572,-258.01138740300775,67.67391500710572,258.01138740300775,0.9936708945876922,26.326084992894277,725594159.0,56.83962264150946
IV:JNPZ,3,9.65555281283261,0.07115974614524335,-84.22749068867051,-339.36069836828386,84.22749068867051,339.36069836828386,0.9819756129289845,41.77250931132948,725594175.0,60.141509433962284
IV:KNPZ,3,9.637468896511084,0.08926721003116382,-73.59796704990842,-328.73117472952174,73.59796704990842,328.73117472952174,0.8272411568012639,52.40203295009158,725594175.0,61.084905660377366
IV:LNPZ,3,9.67010893583205,0.05658466921803973,-60.783416891839735,-251.12088928774176,60.783416891839735,251.12088928774176,0.9356267771182413,33.216583108160265,725594159.0,58.01886792452833
IV:MNPZ,3,9.669054720921691,0.05764025685060253,-60.1637611651294,-250.50123356103143,60.1637611651294,250.50123356103143,0.9249427411927328,33.8362388348706,725594159.0,57.5471698113208
IV:ApJPZ,3,9.600801160046439,0.12598269256310154,11.954918099581988,-113.58681901260871,-11.954918099581988,113.58681901260871,0.0,73.95491809958199,725594143.0,67.68867924528304
IV:SxJPZ,3,9.679680228286669,0.04700091372049236,-34.40931548543053,-159.95105259762124,34.40931548543053,159.95105259762124,0.6426628333551331,27.590684514569467,725594143.0,58.96226415094342
IV:EdJPZ,3,9.636350892410341,0.09038666991576934,-40.9408167509473,-231.27828914684932,40.9408167509473,231.27828914684932,0.2517492165921872,53.0591832490527,725594159.0,59.66981132075474
IV:AgJPZ,3,9.633364530093274,0.09337692085727559,-39.18546640101311,-229.52293879691513,39.18546640101311,229.52293879691513,0.2021334494435295,54.81453359898689,725594159.0,63.20754716981134
IV:AJPZ,3,9.649992880563403,0.0767269181550474,-48.95942472139392,-239.29689711729594,48.95942472139392,239.29689711729594,0.5542339400519949,45.04057527860608,725594159.0,60.141509433962284
IV:BJPZ,3,9.656988188673997,0.06972250126152847,-85.07118854511171,-340.2043962247251,85.07118854511171,340.2043962247251,0.9859895180196905,40.92881145488829,725594175.0,58.72641509433964
IV:CJPZ,3,9.647841539270477,0.07888106076859043,-47.69489038482543,-238.03236278072745,47.69489038482543,238.03236278072745,0.5013049204854736,46.30510961517457,725594159.0,62.028301886792484
IV:DJPZ,3,9.666148378106385,0.06055038409475584,-58.455445382841106,-248.79291777874312,58.455445382841106,248.79291777874312,0.8894888154317544,35.544554617158894,725594159.0,60.14150943396229
IV:EJPZ,3,9.649133033458872,0.07758788489012178,-48.454016215801,-238.79148861170302,48.454016215801,238.79148861170302,0.5330252128682766,45.545983784199,725594159.0,61.55660377358494
IV:FJPZ,3,9.63636197428038,0.09037557361572332,-40.94733055014,-231.28480294604202,40.94733055014,231.28480294604202,0.2519467991635761,53.05266944986,725594159.0,62.028301886792484
IV:GJPZ,3,9.652944251190839,0.07377170446681297,-50.694207347750904,-241.03167974365292,50.694207347750904,241.03167974365292,0.6266643588162027,43.305792652249096,725594159.0,59.43396226415098
IV:HJPZ,3,9.6533323353788,0.07338311494376648,-50.92231889042859,-241.2597912863306,50.92231889042859,241.2597912863306,0.6360572166437561,43.07768110957141,725594159.0,61.084905660377395
IV:JKPZ,3,9.666516195694525,0.06018208756122649,-90.67164444494546,-345.8048521245588,90.67164444494546,345.8048521245588,0.9982239534570482,35.32835555505454,725594175.0,58.726415094339636
IV:JLPZ,3,9.656105645956053,0.07060619316259827,-52.55243981193832,-242.88991220784033,52.55243981193832,242.88991220784033,0.701419616519356,41.44756018806168,725594159.0,59.90566037735853
IV:JMPZ,3,9.65838686969553,0.0683219989790016,-53.89331759708982,-244.23078999299184,53.89331759708982,244.23078999299184,0.7519017023633094,40.10668240291018,725594159.0,60.84905660377362
IV:JNPZ,3,9.65555281283261,0.07115974614524335,-84.22749068867051,-339.36069836828386,84.22749068867051,339.36069836828386,0.9819756129289845,41.77250931132948,725594175.0,60.141509433962284
