Level,Model,Information,Alpha,DF,LR,AIC,BIC,%C(Data)
7,IV:EdBGJKNPZ,0.3732746131755783,1.0,725603327.0,219.12131646357813,-18210.878683536423,-55529.17247349891,73.34905660377386
7,IV:EdBGJKNPZ,0.3732746131755783,1.0,725603327.0,219.12131646357813,-18210.878683536423,-55529.17247349891,73.34905660377386
7,IV:EdBGJKNPZ,0.3732746131755783,1.0,725603327.0,219.12131646357813,-18210.878683536423,-55529.17247349891,73.34905660377386
7,IV:BGHJKNPZ,0.3843023262065944,1.0,725603327.0,225.59485340299537,-18204.405146597004,-55522.69893655949,75.23584905660402
7,IV:BGHJKNPZ,0.3843023262065944,1.0,725603327.0,225.59485340299537,-18204.405146597004,-55522.69893655949,75.23584905660402
7,IV:BGHJKNPZ,0.3843023262065944,1.0,725603327.0,225.59485340299537,-18204.405146597004,-55522.69893655949,75.23584905660402
7,IV:BDGJKNPZ,0.3919767606199032,1.0,725603327.0,230.099933878336,-18199.900066121663,-55518.19385608415,75.00000000000027
7,IV:BDGJKNPZ,0.3919767606199032,1.0,725603327.0,230.099933878336,-18199.900066121663,-55518.19385608415,75.00000000000027
7,IV:BDGJKNPZ,0.3919767606199032,1.0,725603327.0,230.099933878336,-18199.900066121663,-55518.19385608415,75.00000000000027
7,IV:BGJKMNPZ,0.3951383830802607,1.0,725603327.0,231.95588349618075,-18198.04411650382,-55516.33790646631,75.4716981132078
7,IV:BGJKMNPZ,0.3951383830802607,1.0,725603327.0,231.95588349618075,-18198.04411650382,-55516.33790646631,75.4716981132078
7,IV:BGJKMNPZ,0.3951383830802607,1.0,725603327.0,231.95588349618075,-18198.04411650382,-55516.33790646631,75.4716981132078
7,IV:BGJKLNPZ,0.4047717177452665,1.0,725603327.0,237.61088627221307,-18192.389113727786,-55510.68290369028,75.47169811320784
7,IV:BGJKLNPZ,0.4047717177452665,1.0,725603327.0,237.61088627221307,-18192.389113727786,-55510.68290369028,75.47169811320784
7,IV:BGJKLNPZ,0.4047717177452665,1.0,725603327.0,237.61088627221307,-18192.389113727786,-55510.68290369028,75.47169811320784
7,IV:BEGJKNPZ,0.4083594835932531,1.0,725603327.0,239.7169924686291,-18190.283007531372,-55508.57679749386,75.70754716981158
7,IV:BEGJKNPZ,0.4083594835932531,1.0,725603327.0,239.7169924686291,-18190.283007531372,-55508.57679749386,75.70754716981158
7,IV:BEGJKNPZ,0.4083594835932531,1.0,725603327.0,239.7169924686291,-18190.283007531372,-55508.57679749386,75.70754716981158
7,IV:ABGJKNPZ,0.41439927993469894,1.0,725603327.0,243.26250046407108,-18186.737499535928,-55505.031289498416,76.41509433962294
7,IV:ABGJKNPZ,0.41439927993469894,1.0,725603327.0,243.26250046407108,-18186.737499535928,-55505.031289498416,76.41509433962294
7,IV:ABGJKNPZ,0.41439927993469894,1.0,725603327.0,243.26250046407108,-18186.737499535928,-55505.031289498416,76.41509433962294
7,IV:BCGJKNPZ,0.43262457325463677,1.0,725603327.0,253.96119285899474,-18176.038807141005,-55494.332597103494,77.12264150943422
7,IV:BCGJKNPZ,0.43262457325463677,1.0,725603327.0,253.96119285899474,-18176.038807141005,-55494.332597103494,77.12264150943422
7,IV:BCGJKNPZ,0.43262457325463677,1.0,725603327.0,253.96119285899474,-18176.038807141005,-55494.332597103494,77.12264150943422
7,IV:AgBGJKNPZ,0.44795982003067036,1.0,725603327.0,262.9633573332172,-18167.036642666782,-55485.33043262927,76.41509433962295
7,IV:AgBGJKNPZ,0.44795982003067036,1.0,725603327.0,262.9633573332172,-18167.036642666782,-55485.33043262927,76.41509433962295
7,IV:AgBGJKNPZ,0.44795982003067036,1.0,725603327.0,262.9633573332172,-18167.036642666782,-55485.33043262927,76.41509433962295
7,IV:BFGJKNPZ,0.466280484579175,1.0,725603327.0,273.71803496908325,-18156.281965030917,-55474.575754993406,79.24528301886822
7,IV:BFGJKNPZ,0.466280484579175,1.0,725603327.0,273.71803496908325,-18156.281965030917,-55474.575754993406,79.24528301886822
7,IV:BFGJKNPZ,0.466280484579175,1.0,725603327.0,273.71803496908325,-18156.281965030917,-55474.575754993406,79.24528301886822
7,IV:SxBGJKNPZ,0.3372020088144441,1.0,725600255.0,197.94581650488263,-12088.054183495118,-36965.56679898503,73.11320754717005
7,IV:SxBGJKNPZ,0.3372020088144441,1.0,725600255.0,197.94581650488263,-12088.054183495118,-36965.56679898503,73.11320754717005
7,IV:SxBGJKNPZ,0.3372020088144441,1.0,725600255.0,197.94581650488263,-12088.054183495118,-36965.56679898503,73.11320754717005
7,IV:ApBGJKNPZ,0.4071264898265405,1.0,725600255.0,238.99319500741154,-12047.006804992589,-36924.51942048251,76.65094339622665
7,IV:ApBGJKNPZ,0.4071264898265405,1.0,725600255.0,238.99319500741154,-12047.006804992589,-36924.51942048251,76.65094339622665
7,IV:ApBGJKNPZ,0.4071264898265405,1.0,725600255.0,238.99319500741154,-12047.006804992589,-36924.51942048251,76.65094339622665
6,IV:BGJKNPZ,0.25432411641760116,1.0,725597183.0,149.29446908742275,-5992.705530912577,-18429.43697192992,68.3962264150945
6,IV:BGJKNPZ,0.25432411641760116,1.0,725597183.0,149.29446908742275,-5992.705530912577,-18429.43697192992,68.3962264150945
6,IV:BGJKNPZ,0.25432411641760116,1.0,725597183.0,149.29446908742275,-5992.705530912577,-18429.43697192992,68.3962264150945
6,IV:BJKMNPZ,0.26580429579453757,1.0,725597183.0,156.03361482495805,-5985.966385175042,-18422.697826192383,69.57547169811333
6,IV:BJKMNPZ,0.26580429579453757,1.0,725597183.0,156.03361482495805,-5985.966385175042,-18422.697826192383,69.57547169811333
6,IV:BJKMNPZ,0.26580429579453757,1.0,725597183.0,156.03361482495805,-5985.966385175042,-18422.697826192383,69.57547169811333
6,IV:EdBJKNPZ,0.26951842043689644,1.0,725597183.0,158.21389672042326,-5983.786103279576,-18420.51754429692,67.924528301887
6,IV:EdBJKNPZ,0.26951842043689644,1.0,725597183.0,158.21389672042326,-5983.786103279576,-18420.51754429692,67.924528301887
6,IV:EdBJKNPZ,0.26951842043689644,1.0,725597183.0,158.21389672042326,-5983.786103279576,-18420.51754429692,67.924528301887
6,IV:BEJKNPZ,0.27767440461894793,1.0,725597183.0,163.00165867354224,-5978.998341326458,-18415.7297823438,70.99056603773602
6,IV:BEJKNPZ,0.27767440461894793,1.0,725597183.0,163.00165867354224,-5978.998341326458,-18415.7297823438,70.99056603773602
6,IV:BEJKNPZ,0.27767440461894793,1.0,725597183.0,163.00165867354224,-5978.998341326458,-18415.7297823438,70.99056603773602
6,IV:BCJKNPZ,0.281686758260915,1.0,725597183.0,165.35700827705708,-5976.6429917229425,-18413.374432740286,70.75471698113222
6,IV:BCJKNPZ,0.281686758260915,1.0,725597183.0,165.35700827705708,-5976.6429917229425,-18413.374432740286,70.75471698113222
6,IV:BCJKNPZ,0.281686758260915,1.0,725597183.0,165.35700827705708,-5976.6429917229425,-18413.374432740286,70.75471698113222
6,IV:BJKLNPZ,0.28283742246966936,1.0,725597183.0,166.03247627656765,-5975.967523723432,-18412.698964740775,70.75471698113223
6,IV:BJKLNPZ,0.28283742246966936,1.0,725597183.0,166.03247627656765,-5975.967523723432,-18412.698964740775,70.75471698113223
6,IV:BJKLNPZ,0.28283742246966936,1.0,725597183.0,166.03247627656765,-5975.967523723432,-18412.698964740775,70.75471698113223
6,IV:ABJKNPZ,0.285922838669288,1.0,725597183.0,167.84369095775594,-5974.156309042244,-18410.887750059585,70.2830188679247
6,IV:ABJKNPZ,0.285922838669288,1.0,725597183.0,167.84369095775594,-5974.156309042244,-18410.887750059585,70.2830188679247
6,IV:ABJKNPZ,0.285922838669288,1.0,725597183.0,167.84369095775594,-5974.156309042244,-18410.887750059585,70.2830188679247
6,IV:BDJKNPZ,0.2864282363877263,1.0,725597183.0,168.14037176457467,-5973.859628235426,-18410.59106925277,70.99056603773604
6,IV:BDJKNPZ,0.2864282363877263,1.0,725597183.0,168.14037176457467,-5973.859628235426,-18410.59106925277,70.99056603773604
6,IV:BDJKNPZ,0.2864282363877263,1.0,725597183.0,168.14037176457467,-5973.859628235426,-18410.59106925277,70.99056603773604
6,IV:BHJKNPZ,0.2959842552980501,1.0,725597183.0,173.7499883039027,-5968.250011696097,-18404.98145271344,71.46226415094354
6,IV:BHJKNPZ,0.2959842552980501,1.0,725597183.0,173.7499883039027,-5968.250011696097,-18404.98145271344,71.46226415094354
6,IV:BHJKNPZ,0.2959842552980501,1.0,725597183.0,173.7499883039027,-5968.250011696097,-18404.98145271344,71.46226415094354
6,IV:BFJKNPZ,0.31685169967639265,1.0,725597183.0,185.9996879138307,-5956.000312086169,-18392.73175310351,74.52830188679263
6,IV:BFJKNPZ,0.31685169967639265,1.0,725597183.0,185.9996879138307,-5956.000312086169,-18392.73175310351,74.52830188679263
6,IV:BFJKNPZ,0.31685169967639265,1.0,725597183.0,185.9996879138307,-5956.000312086169,-18392.73175310351,74.52830188679263
6,IV:AgBJKNPZ,0.32756443033541355,1.0,725597183.0,192.28832250634784,-5949.711677493652,-18386.443118510993,72.1698113207549
6,IV:AgBJKNPZ,0.32756443033541355,1.0,725597183.0,192.28832250634784,-5949.711677493652,-18386.443118510993,72.1698113207549
6,IV:AgBJKNPZ,0.32756443033541355,1.0,725597183.0,192.28832250634784,-5949.711677493652,-18386.443118510993,72.1698113207549
6,IV:SxBJKNPZ,0.23932929776594916,1.0,725596159.0,140.49214423835218,-3953.507855761648,-12243.312238621464,69.10377358490582
6,IV:SxBJKNPZ,0.23932929776594916,1.0,725596159.0,140.49214423835218,-3953.507855761648,-12243.312238621464,69.10377358490582
6,IV:SxBJKNPZ,0.23932929776594916,1.0,725596159.0,140.49214423835218,-3953.507855761648,-12243.312238621464,69.10377358490582
6,IV:ApBJKNPZ,0.29612311091805527,1.0,725596159.0,173.83149994487675,-3920.1685000551233,-12209.972882914939,73.11320754716995
6,IV:ApBJKNPZ,0.29612311091805527,1.0,725596159.0,173.83149994487675,-3920.1685000551233,-12209.972882914939,73.11320754716995
6,IV:ApBJKNPZ,0.29612311091805527,1.0,725596159.0,173.83149994487675,-3920.1685000551233,-12209.972882914939,73.11320754716995
5,IV:BJKNPZ,0.17000954465715154,1.0,725595135.0,99.79975578764005,-1946.2002442123598,-6089.077568914653,63.915094339622726
5,IV:BJKNPZ,0.17000954465715154,1.0,725595135.0,99.79975578764005,-1946.2002442123598,-6089.077568914653,63.915094339622726
5,IV:BJKNPZ,0.17000954465715154,1.0,725595135.0,99.79975578764005,-1946.2002442123598,-6089.077568914653,63.915094339622726
5,IV:BGJNPZ,0.221515679431832,1.0,725594879.0,130.0351151166973,-1403.9648848833026,-4510.110445046214,66.50943396226431
5,IV:BGJNPZ,0.221515679431832,1.0,725594879.0,130.0351151166973,-1403.9648848833026,-4510.110445046214,66.50943396226431
5,IV:BGJNPZ,0.221515679431832,1.0,725594879.0,130.0351151166973,-1403.9648848833026,-4510.110445046214,66.50943396226431
5,IV:BJMNPZ,0.2328794617090402,1.0,725594879.0,136.7059329132885,-1397.2940670867115,-4503.439627249623,68.39622641509445
5,IV:BJMNPZ,0.2328794617090402,1.0,725594879.0,136.7059329132885,-1397.2940670867115,-4503.439627249623,68.39622641509445
5,IV:BJMNPZ,0.2328794617090402,1.0,725594879.0,136.7059329132885,-1397.2940670867115,-4503.439627249623,68.39622641509445
5,IV:EdBJNPZ,0.24701864925832767,1.0,725594879.0,145.0059814035082,-1388.9940185964917,-4495.139578759403,66.7452830188681
5,IV:EdBJNPZ,0.24701864925832767,1.0,725594879.0,145.0059814035082,-1388.9940185964917,-4495.139578759403,66.7452830188681
5,IV:EdBJNPZ,0.24701864925832767,1.0,725594879.0,145.0059814035082,-1388.9940185964917,-4495.139578759403,66.7452830188681
5,IV:BDJNPZ,0.25136498922369493,1.0,725594879.0,147.55738913763545,-1386.4426108623645,-4492.588171025276,69.3396226415096
5,IV:BDJNPZ,0.25136498922369493,1.0,725594879.0,147.55738913763545,-1386.4426108623645,-4492.588171025276,69.3396226415096
5,IV:BDJNPZ,0.25136498922369493,1.0,725594879.0,147.55738913763545,-1386.4426108623645,-4492.588171025276,69.3396226415096
5,IV:BEJNPZ,0.2539921484372693,1.0,725594879.0,149.09959577349647,-1384.9004042265035,-4491.045964389415,70.28301886792468
5,IV:BEJNPZ,0.2539921484372693,1.0,725594879.0,149.09959577349647,-1384.9004042265035,-4491.045964389415,70.28301886792468
5,IV:BEJNPZ,0.2539921484372693,1.0,725594879.0,149.09959577349647,-1384.9004042265035,-4491.045964389415,70.28301886792468
5,IV:BJLNPZ,0.25733941403246174,1.0,725594879.0,151.064522446468,-1382.935477553532,-4489.0810377164435,69.33962264150959
5,IV:BJLNPZ,0.25733941403246174,1.0,725594879.0,151.064522446468,-1382.935477553532,-4489.0810377164435,69.33962264150959
5,IV:BJLNPZ,0.25733941403246174,1.0,725594879.0,151.064522446468,-1382.935477553532,-4489.0810377164435,69.33962264150959
5,IV:ABJNPZ,0.25737390513010927,1.0,725594879.0,151.084769563352,-1382.915230436648,-4489.060790599559,69.10377358490581
5,IV:ABJNPZ,0.25737390513010927,1.0,725594879.0,151.084769563352,-1382.915230436648,-4489.060790599559,69.10377358490581
5,IV:ABJNPZ,0.25737390513010927,1.0,725594879.0,151.084769563352,-1382.915230436648,-4489.060790599559,69.10377358490581
5,IV:BCJNPZ,0.26334726595638364,1.0,725594879.0,154.59127828847,-1379.40872171153,-4485.554281874442,70.28301886792467
5,IV:BCJNPZ,0.26334726595638364,1.0,725594879.0,154.59127828847,-1379.40872171153,-4485.554281874442,70.28301886792467
5,IV:BCJNPZ,0.26334726595638364,1.0,725594879.0,154.59127828847,-1379.40872171153,-4485.554281874442,70.28301886792467
5,IV:BHJNPZ,0.2725634932670603,1.0,725594879.0,160.0014288582146,-1373.9985711417853,-4480.144131304697,70.75471698113222
5,IV:BHJNPZ,0.2725634932670603,1.0,725594879.0,160.0014288582146,-1373.9985711417853,-4480.144131304697,70.75471698113222
5,IV:BHJNPZ,0.2725634932670603,1.0,725594879.0,160.0014288582146,-1373.9985711417853,-4480.144131304697,70.75471698113222
5,IV:BFJNPZ,0.29037621762747945,1.0,725594879.0,170.45793319547033,-1363.5420668045297,-4469.687626967441,73.11320754716998
5,IV:BFJNPZ,0.29037621762747945,1.0,725594879.0,170.45793319547033,-1363.5420668045297,-4469.687626967441,73.11320754716998
5,IV:BFJNPZ,0.29037621762747945,1.0,725594879.0,170.45793319547033,-1363.5420668045297,-4469.687626967441,73.11320754716998
5,IV:AgBJNPZ,0.29194827095225173,1.0,725594879.0,171.3807668999768,-1362.6192331000232,-4468.764793262934,70.75471698113225
5,IV:AgBJNPZ,0.29194827095225173,1.0,725594879.0,171.3807668999768,-1362.6192331000232,-4468.764793262934,70.75471698113225
5,IV:AgBJNPZ,0.29194827095225173,1.0,725594879.0,171.3807668999768,-1362.6192331000232,-4468.764793262934,70.75471698113225
5,IV:SxBJNPZ,0.21117259531133672,1.0,725594623.0,123.9634720721959,-898.0365279278041,-2967.4503235513343,67.45283018867939
5,IV:SxBJNPZ,0.21117259531133672,1.0,725594623.0,123.9634720721959,-898.0365279278041,-2967.4503235513343,67.45283018867939
5,IV:SxBJNPZ,0.21117259531133672,1.0,725594623.0,123.9634720721959,-898.0365279278041,-2967.4503235513343,67.45283018867939
5,IV:ApBJNPZ,0.28074657658323304,1.0,725594623.0,164.8050986650533,-857.1949013349467,-2926.608696958477,72.87735849056618
5,IV:ApBJNPZ,0.28074657658323304,1.0,725594623.0,164.8050986650533,-857.1949013349467,-2926.608696958477,72.87735849056618
5,IV:ApBJNPZ,0.28074657658323304,1.0,725594623.0,164.8050986650533,-857.1949013349467,-2926.608696958477,72.87735849056618
4,IV:BJNPZ,0.13911651750266693,1.0,725594367.0,81.66479417841957,-428.3352058215804,-1461.0172369057298,62.2641509433963
4,IV:BJNPZ,0.13911651750266693,1.0,725594367.0,81.66479417841957,-428.3352058215804,-1461.0172369057298,62.2641509433963
4,IV:BJNPZ,0.13911651750266693,1.0,725594367.0,81.66479417841957,-428.3352058215804,-1461.0172369057298,62.2641509433963
4,IV:BKNPZ,0.1490126665396089,1.0,725594367.0,87.47407541093273,-422.52592458906724,-1455.2079556732165,62.97169811320762
4,IV:BKNPZ,0.1490126665396089,1.0,725594367.0,87.47407541093273,-422.52592458906724,-1455.2079556732165,62.97169811320762
4,IV:BKNPZ,0.1490126665396089,1.0,725594367.0,87.47407541093273,-422.52592458906724,-1455.2079556732165,62.97169811320762
4,IV:EdBNPZ,0.11584610708882678,1.0,725594303.0,68.00449480485902,-313.995505195141,-1087.494595144445,60.84905660377362
4,IV:EdBNPZ,0.11584610708882678,1.0,725594303.0,68.00449480485902,-313.995505195141,-1087.494595144445,60.84905660377362
4,IV:EdBNPZ,0.11584610708882678,1.0,725594303.0,68.00449480485902,-313.995505195141,-1087.494595144445,60.84905660377362
4,IV:BHNPZ,0.1166080966566592,1.0,725594303.0,68.45180129541967,-313.54819870458033,-1087.0472886538842,61.792452830188736
4,IV:BHNPZ,0.1166080966566592,1.0,725594303.0,68.45180129541967,-313.54819870458033,-1087.0472886538842,61.792452830188736
4,IV:BHNPZ,0.1166080966566592,1.0,725594303.0,68.45180129541967,-313.54819870458033,-1087.0472886538842,61.792452830188736
4,IV:BENPZ,0.11867180903554558,1.0,725594303.0,69.663250875172,-312.336749124828,-1085.8358390741319,60.3773584905661
4,IV:BENPZ,0.11867180903554558,1.0,725594303.0,69.663250875172,-312.336749124828,-1085.8358390741319,60.3773584905661
4,IV:BENPZ,0.11867180903554558,1.0,725594303.0,69.663250875172,-312.336749124828,-1085.8358390741319,60.3773584905661
4,IV:ABNPZ,0.12312436049436981,1.0,725594303.0,72.2770073505433,-309.7229926494567,-1083.2220825987606,61.08490566037741
4,IV:ABNPZ,0.12312436049436981,1.0,725594303.0,72.2770073505433,-309.7229926494567,-1083.2220825987606,61.08490566037741
4,IV:ABNPZ,0.12312436049436981,1.0,725594303.0,72.2770073505433,-309.7229926494567,-1083.2220825987606,61.08490566037741
4,IV:BGNPZ,0.12641994965950096,1.0,725594303.0,74.21159869669245,-307.7884013033075,-1081.2874912526115,61.79245283018875
4,IV:BGNPZ,0.12641994965950096,1.0,725594303.0,74.21159869669245,-307.7884013033075,-1081.2874912526115,61.79245283018875
4,IV:BGNPZ,0.12641994965950096,1.0,725594303.0,74.21159869669245,-307.7884013033075,-1081.2874912526115,61.79245283018875
4,IV:BMNPZ,0.12898808569495698,1.0,725594303.0,75.71915728515178,-306.28084271484823,-1079.779932664152,62.02830188679251
4,IV:BMNPZ,0.12898808569495698,1.0,725594303.0,75.71915728515178,-306.28084271484823,-1079.779932664152,62.02830188679251
4,IV:BMNPZ,0.12898808569495698,1.0,725594303.0,75.71915728515178,-306.28084271484823,-1079.779932664152,62.02830188679251
4,IV:BDNPZ,0.13428162203299335,1.0,725594303.0,78.82659242859862,-303.1734075714014,-1076.6724975207053,62.50000000000008
4,IV:BDNPZ,0.13428162203299335,1.0,725594303.0,78.82659242859862,-303.1734075714014,-1076.6724975207053,62.50000000000008
4,IV:BDNPZ,0.13428162203299335,1.0,725594303.0,78.82659242859862,-303.1734075714014,-1076.6724975207053,62.50000000000008
4,IV:BLNPZ,0.14062848061782351,1.0,725594303.0,82.55235346196947,-299.44764653803054,-1072.9467364873344,61.08490566037742
4,IV:BLNPZ,0.14062848061782351,1.0,725594303.0,82.55235346196947,-299.44764653803054,-1072.9467364873344,61.08490566037742
4,IV:BLNPZ,0.14062848061782351,1.0,725594303.0,82.55235346196947,-299.44764653803054,-1072.9467364873344,61.08490566037742
4,IV:BFNPZ,0.14428207752489144,1.0,725594303.0,84.69710409821865,-297.30289590178137,-1070.8019858510852,64.1509433962265
4,IV:BFNPZ,0.14428207752489144,1.0,725594303.0,84.69710409821865,-297.30289590178137,-1070.8019858510852,64.1509433962265
4,IV:BFNPZ,0.14428207752489144,1.0,725594303.0,84.69710409821865,-297.30289590178137,-1070.8019858510852,64.1509433962265
4,IV:BCNPZ,0.15003396184425588,1.0,725594303.0,88.07360070344721,-293.9263992965528,-1067.4254892458566,65.33018867924532
4,IV:BCNPZ,0.15003396184425588,1.0,725594303.0,88.07360070344721,-293.9263992965528,-1067.4254892458566,65.33018867924532
4,IV:BCNPZ,0.15003396184425588,1.0,725594303.0,88.07360070344721,-293.9263992965528,-1067.4254892458566,65.33018867924532
4,IV:AgBNPZ,0.15734095716155067,1.0,725594303.0,92.36298545345086,-289.63701454654915,-1063.136104495853,64.15094339622647
4,IV:AgBNPZ,0.15734095716155067,1.0,725594303.0,92.36298545345086,-289.63701454654915,-1063.136104495853,64.15094339622647
4,IV:AgBNPZ,0.15734095716155067,1.0,725594303.0,92.36298545345086,-289.63701454654915,-1063.136104495853,64.15094339622647
4,IV:SxBNPZ,0.08877298807218235,1.0,725594239.0,52.111912587080745,-201.88808741291925,-716.2042362273779,59.433962264151
4,IV:SxBNPZ,0.08877298807218235,1.0,725594239.0,52.111912587080745,-201.88808741291925,-716.2042362273779,59.433962264151
4,IV:SxBNPZ,0.08877298807218235,1.0,725594239.0,52.111912587080745,-201.88808741291925,-716.2042362273779,59.433962264151
4,IV:ApBNPZ,0.18042405000849063,0.9132848976399048,725594239.0,105.91332483935851,-148.0866751606415,-662.4028239751001,70.04716981132081
4,IV:ApBNPZ,0.18042405000849063,0.9132848976399048,725594239.0,105.91332483935851,-148.0866751606415,-662.4028239751001,70.04716981132081
4,IV:ApBNPZ,0.18042405000849063,0.9132848976399048,725594239.0,105.91332483935851,-148.0866751606415,-662.4028239751001,70.04716981132081
3,IV:BNPZ,0.06929649092010172,0.9870313186075276,725594175.0,40.67873297768786,-85.32126702231214,-340.4544747019255,57.31132075471701
3,IV:BNPZ,0.06929649092010172,0.9870313186075276,725594175.0,40.67873297768786,-85.32126702231214,-340.4544747019255,57.31132075471701
3,IV:BNPZ,0.06929649092010172,0.9870313186075276,725594175.0,40.67873297768786,-85.32126702231214,-340.4544747019255,57.31132075471701
3,IV:BJPZ,0.06972250126152847,0.9859895180196905,725594175.0,40.92881145488829,-85.07118854511171,-340.2043962247251,58.72641509433964
3,IV:BJPZ,0.06972250126152847,0.9859895180196905,725594175.0,40.92881145488829,-85.07118854511171,-340.2043962247251,58.72641509433964
3,IV:JNPZ,0.07115974614524335,0.9819756129289845,725594175.0,41.77250931132948,-84.22749068867051,-339.36069836828386,60.141509433962284
3,IV:BKPZ,0.08233832829934833,0.9135923079744424,725594175.0,48.334610111502506,-77.66538988849749,-332.79859756811084,60.37735849056607
3,IV:BKPZ,0.08233832829934833,0.9135923079744424,725594175.0,48.334610111502506,-77.66538988849749,-332.79859756811084,60.37735849056607
3,IV:KNPZ,0.08926721003116382,0.8272411568012639,725594175.0,52.40203295009158,-73.59796704990842,-328.73117472952174,61.084905660377366
3,IV:HNPZ,0.044846660063688544,0.9936708945876922,725594159.0,26.326084992894277,-67.67391500710572,-258.01138740300775,56.83962264150946
3,IV:ENPZ,0.04587355386959835,0.9918100879602846,725594159.0,26.928896742412878,-67.07110325758713,-257.40857565348915,58.01886792452833
3,IV:FNPZ,0.049543711383716126,0.9813236379434,725594159.0,29.083368859550678,-64.91663114044933,-255.25410353635132,57.783018867924554
3,IV:ANPZ,0.05208347074339111,0.9694222408227383,725594159.0,30.574269646127632,-63.42573035387237,-253.7632027497744,58.254716981132084
3,IV:DNPZ,0.05442596927322506,0.9540885408892811,725594159.0,31.949373506806666,-62.050626493193334,-252.38809888909535,58.254716981132106
3,IV:LNPZ,0.05658466921803973,0.9356267771182413,725594159.0,33.216583108160265,-60.783416891839735,-251.12088928774176,58.01886792452833
3,IV:MNPZ,0.05764025685060253,0.9249427411927328,725594159.0,33.8362388348706,-60.1637611651294,-250.50123356103143,57.5471698113208
3,IV:BDPZ,0.058138649070961494,0.9195029945969456,725594159.0,34.12880724318315,-59.87119275681685,-250.20866515271888,58.254716981132084
3,IV:BDPZ,0.058138649070961494,0.9195029945969456,725594159.0,34.12880724318315,-59.87119275681685,-250.20866515271888,58.254716981132084
3,IV:EdNPZ,0.059579445674762255,0.90231545463446,725594159.0,34.97459004607785,-59.02540995392215,-249.36288234982416,58.49056603773588
3,IV:BEPZ,0.05976467841320528,0.899946211926751,725594159.0,35.0833261884972,-58.9166738115028,-249.2541462074048,58.01886792452833
3,IV:BEPZ,0.05976467841320528,0.899946211926751,725594159.0,35.0833261884972,-58.9166738115028,-249.2541462074048,58.01886792452833
3,IV:BHPZ,0.060216091750571,0.8940188577519672,725594159.0,35.348316844870254,-58.651683155129746,-248.98915555103176,57.78301886792456
3,IV:BHPZ,0.060216091750571,0.8940188577519672,725594159.0,35.348316844870254,-58.651683155129746,-248.98915555103176,57.78301886792456
3,IV:BMPZ,0.0633880594900955,0.8462352426202435,725594159.0,37.21033939430541,-56.78966060569459,-247.1271330015966,57.78301886792454
3,IV:BMPZ,0.0633880594900955,0.8462352426202435,725594159.0,37.21033939430541,-56.78966060569459,-247.1271330015966,57.78301886792454
3,IV:GNPZ,0.06342791914797773,0.8455672960552184,725594159.0,37.23373798719292,-56.76626201280708,-247.1037344087091,58.254716981132106
3,IV:ABPZ,0.06452032150979822,0.8266299743782761,725594159.0,37.875004859305214,-56.124995140694786,-246.4624675365968,59.198113207547195
3,IV:ABPZ,0.06452032150979822,0.8266299743782761,725594159.0,37.875004859305214,-56.124995140694786,-246.4624675365968,59.198113207547195
3,IV:BGPZ,0.06528728916683775,0.812622678137871,725594159.0,38.32523360983757,-55.67476639016243,-246.01223878606444,57.78301886792454
3,IV:BGPZ,0.06528728916683775,0.812622678137871,725594159.0,38.32523360983757,-55.67476639016243,-246.01223878606444,57.78301886792454
3,IV:CNPZ,0.06626421630061873,0.7939660847659878,725594159.0,38.898713702206955,-55.101286297793045,-245.43875869369506,59.43396226415098
3,IV:BLPZ,0.06849945382837595,0.7481122273921952,725594159.0,40.21085273444426,-53.78914726555574,-244.12661966145777,58.96226415094342
3,IV:BLPZ,0.06849945382837595,0.7481122273921952,725594159.0,40.21085273444426,-53.78914726555574,-244.12661966145777,58.96226415094342
3,IV:EdBPZ,0.0706843334613358,0.6996328575805653,725594159.0,41.49343045226893,-52.50656954773107,-242.84404194363307,58.01886792452834
3,IV:EdBPZ,0.0706843334613358,0.6996328575805653,725594159.0,41.49343045226893,-52.50656954773107,-242.84404194363307,58.01886792452834
3,IV:AgNPZ,0.07626028425928154,0.5657335292824974,725594159.0,44.76664978263711,-49.23335021736289,-239.5708226132649,60.141509433962284
3,IV:BCPZ,0.07858810866159413,0.5084681557837007,725594159.0,46.133139571994555,-47.866860428005445,-238.20433282390746,62.50000000000002
3,IV:BCPZ,0.07858810866159413,0.5084681557837007,725594159.0,46.133139571994555,-47.866860428005445,-238.20433282390746,62.50000000000002
3,IV:BFPZ,0.08002125228525074,0.4736096878308471,725594159.0,46.974429888594,-47.025570111406,-237.36304250730802,61.08490566037737
3,IV:BFPZ,0.08002125228525074,0.4736096878308471,725594159.0,46.974429888594,-47.025570111406,-237.36304250730802,61.08490566037737
3,IV:AgBPZ,0.09403962978555241,0.19212135584247336,725594159.0,55.2035599288538,-38.7964400711462,-229.13391246704822,61.08490566037739
3,IV:AgBPZ,0.09403962978555241,0.19212135584247336,725594159.0,55.2035599288538,-38.7964400711462,-229.13391246704822,61.08490566037739
3,IV:SxBPZ,0.0350754197127577,0.9222366181157495,725594143.0,20.590128210398348,-41.40987178960165,-166.95160890179235,56.60377358490567
3,IV:SxBPZ,0.0350754197127577,0.9222366181157495,725594143.0,20.590128210398348,-41.40987178960165,-166.95160890179235,56.60377358490567
3,IV:SxNPZ,0.03811180835401346,0.871125897243625,725594143.0,22.37256251715915,-39.62743748284085,-165.16917459503156,57.311320754717
3,IV:ApNPZ,0.11762939488239972,0.0,725594143.0,69.05132830268741,7.051328302687409,-118.4904088095033,67.9245283018868
3,IV:ApBPZ,0.12302899008300397,0.0,725594143.0,72.22102258931787,10.221022589317869,-115.32071452287283,68.16037735849058
3,IV:ApBPZ,0.12302899008300397,0.0,725594143.0,72.22102258931787,10.221022589317869,-115.32071452287283,68.16037735849058
2,IV:BPZ,0.023739412504952293,0.5308823007016876,725594127.0,13.935615058049189,-16.064384941950813,-76.81038677043017,54.009433962264154
2,IV:BPZ,0.023739412504952293,0.5308823007016876,725594127.0,13.935615058049189,-16.064384941950813,-76.81038677043017,54.009433962264154
2,IV:NPZ,0.024622817292302587,0.49168007949325,725594127.0,14.454195248455473,-15.545804751544527,-76.29180658002389,54.716981132075496
2,IV:NPZ,0.024622817292302587,0.49168007949325,725594127.0,14.454195248455473,-15.545804751544527,-76.29180658002389,54.716981132075496
2,IV:JPZ,0.02494062262778247,0.47780631014569575,725594127.0,14.640754743881821,-15.359245256118179,-76.10524708459755,56.36792452830189
2,IV:BNZ,0.03245788804049528,0.2107347817502786,725594127.0,19.053573176473588,-10.946426823526412,-71.69242865200577,55.42452830188683
2,IV:BNZ,0.03245788804049528,0.2107347817502786,725594127.0,19.053573176473588,-10.946426823526412,-71.69242865200577,55.42452830188683
2,IV:BJZ,0.037760262216850374,0.1032404851585963,725594127.0,22.166196346908436,-7.8338036530915645,-68.57980548157093,56.36792452830189
2,IV:KPZ,0.041479859945121086,0.05932365567372566,725594127.0,24.349691077503035,-5.650308922496965,-66.39631075097633,58.25471698113207
2,IV:BKZ,0.046169303467940126,0.027943064531708917,725594127.0,27.10250898135114,-2.8974910186488607,-63.64349284712823,57.78301886792454
2,IV:JNZ,0.04958440810125386,0.015594798985124503,725594127.0,29.107258826904072,-0.8927411730959278,-61.63874300157529,59.43396226415095
2,IV:MPZ,0.010262225392638954,0.8722157932647365,725594123.0,6.024176995994347,-15.975823004005653,-60.522891011557185,55.18867924528301
2,IV:HNZ,0.01258033929508891,0.7682911436747261,725594123.0,7.384966484719722,-14.615033515280277,-59.16210152283181,52.59433962264152
2,IV:HPZ,0.013791506066691921,0.7059658917756085,725594123.0,8.095950966607752,-13.904049033392248,-58.45111704094378,54.009433962264154
2,IV:FNZ,0.014072250767429115,0.6910475903683557,725594123.0,8.260754964105356,-13.739245035894644,-58.28631304344617,54.48113207547169
2,IV:KNZ,0.057108735558474795,0.003913186755196252,725594127.0,33.524222852137086,3.524222852137086,-57.22177897634228,60.141509433962284
2,IV:BHZ,0.016062898092860198,0.5832843097540489,725594123.0,9.4293135726116,-12.5706864273884,-57.11775443493993,52.830188679245296
2,IV:DPZ,0.016125242987496482,0.5799082793305039,725594123.0,9.465911548753791,-12.534088451246209,-57.081156458797736,56.13207547169811
2,IV:ANZ,0.016926392248592156,0.5368512086196028,725594123.0,9.936205735871557,-12.063794264128443,-56.61086227167998,55.66037735849058
2,IV:GNZ,0.017279036031446447,0.5181632622570406,725594123.0,10.143216250956817,-11.856783749043183,-56.40385175659471,54.245283018867916
2,IV:APZ,0.017738361113121784,0.4941459932931739,725594123.0,10.412851294511464,-11.587148705488536,-56.13421671304007,55.89622641509433
2,IV:EPZ,0.017906707654610336,0.4854480165875845,725594123.0,10.511674826814504,-11.488325173185496,-56.035393180737024,56.36792452830189
2,IV:BGZ,0.019638788818249573,0.4000148694706721,725594123.0,11.528448781971944,-10.471551218028056,-55.018619225579585,53.77358490566038
2,IV:BMZ,0.020068037003770117,0.3801665897767206,725594123.0,11.780427952751023,-10.219572047248977,-54.766640054800504,54.24528301886794
2,IV:LPZ,0.02043586886691803,0.36362471241828465,725594123.0,11.996354241990279,-10.003645758009721,-54.550713765561255,55.896226415094354
2,IV:FPZ,0.020440654251591923,0.36341241406964,725594123.0,11.999163379693504,-10.000836620306496,-54.547904627858024,56.367924528301884
2,IV:DNZ,0.022568578439140976,0.2767656497280907,725594123.0,13.248306859727373,-8.751693140272627,-53.29876114782416,56.60377358490567
2,IV:LNZ,0.023027483432578478,0.26015878586249774,725594123.0,13.517695301224295,-8.482304698775705,-53.02937270632724,56.132075471698116
2,IV:ENZ,0.023693541330149618,0.23737231236467982,725594123.0,13.908687557877176,-8.091312442122824,-52.63838044967436,55.4245283018868
2,IV:MNZ,0.0243659222958175,0.21593036338620153,725594123.0,14.30339160996576,-7.696608390034241,-52.24367639758577,53.77358490566038
2,IV:BEZ,0.02470383536152128,0.2057355892127195,725594123.0,14.501754834234713,-7.498245165765287,-52.04531317331681,55.89622641509434
2,IV:GPZ,0.025190165369510832,0.19173067982241676,725594123.0,14.78724242922497,-7.212757570775031,-51.75982557832656,56.13207547169813
2,IV:BLZ,0.02688983183258065,0.14868403279647913,725594123.0,15.78498816330646,-6.21501183669354,-50.76207984424507,55.660377358490564
2,IV:BDZ,0.028609156180692156,0.11364112061549081,725594123.0,16.794273556119574,-5.205726443880426,-49.75279445143195,57.07547169811321
2,IV:ABZ,0.03241356499570613,0.060449430601512644,725594123.0,19.02755446643797,-2.9724455335620306,-47.51951354111356,56.132075471698116
2,IV:EdPZ,0.03602772553945249,0.03185719776952045,725594123.0,21.149154994047162,-0.8508450059528379,-45.397913013504365,57.31132075471699
2,IV:AgNZ,0.03615870892553538,0.031104861327816313,725594123.0,21.226045441402178,-0.773954558597822,-45.32102256614935,57.78301886792453
2,IV:BFZ,0.03640833545993412,0.02971611309846356,725594123.0,21.372582315089762,-0.6274176849102382,-45.17448569246177,57.54716981132076
2,IV:CPZ,0.03704408689949028,0.02643300153300543,725594123.0,21.7457839405473,-0.2542160594526983,-44.80128406700423,58.490566037735846
2,IV:AgBZ,0.0375625375951254,0.024007063122720718,725594123.0,22.05012716384492,0.050127163844919664,-44.49694084370661,57.31132075471699
2,IV:EdNZ,0.038968725470285286,0.018425495572026218,725594123.0,22.875593797588966,0.8755937975889658,-43.67147420996257,56.36792452830191
2,IV:AgPZ,0.038972132634138165,0.018413572372524944,725594123.0,22.877593886002423,0.8775938860024226,-43.66947412154911,57.547169811320764
2,IV:CNZ,0.04284950294081994,0.008650700123835953,725594123.0,25.153704974267786,3.153704974267786,-41.39336303328375,58.254716981132084
2,IV:EdBZ,0.04499950230748236,0.005600840325403089,725594123.0,26.415807123704163,4.4158071237041625,-40.13126088384737,56.60377358490567
2,IV:SxPZ,0.010496930680014433,0.5221103878226367,725594119.0,6.161954733175972,-7.838045266824028,-36.18617945344773,54.481132075471706
2,IV:BCZ,0.05352454128968837,0.0008973833960854716,725594123.0,31.42021325995977,9.42021325995977,-35.126854747591764,61.08490566037737
2,IV:SxBZ,0.014452060557529369,0.29116312487304685,725594119.0,8.483712589068125,-5.516287410931875,-33.86442159755558,54.481132075471706
2,IV:SxNZ,0.015525262097882363,0.24367352776840423,725594119.0,9.113708109932208,-4.886291890067792,-33.23442607669149,54.24528301886795
1,IV:PZ,0.0022589310052509057,0.7269480430754722,725594115.0,1.3260476823216132,-4.673952317678387,-16.82315268337426,52.8301886792453
1,IV:NZ,0.008678494038295351,0.1631815150717666,725594115.0,5.094488002853037,-0.905511997146963,-13.054712362842835,52.12264150943417
1,IV:BZ,0.009769260948769678,0.1235226429680969,725594115.0,5.734794825073545,-0.26520517492645457,-12.414405540622326,52.12264150943403
1,IV:HZ,0.001636068770304059,0.6186558319825621,725594114.0,0.9604123348333504,-3.03958766516665,-11.139054575630565,52.122641509433976
1,IV:MZ,0.001781541708872925,0.5927964155108401,725594114.0,1.045808503455301,-2.954191496544699,-11.053658407008614,52.35849056603773
1,IV:GZ,0.002460734810375665,0.48565551521320555,725594114.0,1.4445114456890324,-2.5554885543109673,-10.654955464774883,52.122641509433954
1,IV:FZ,0.003470126140066357,0.36112742429140826,725594114.0,2.0370488141082164,-1.9629511858917836,-10.0624180963557,52.122641509433954
1,IV:JZ,0.015510847917028905,0.027617147097836137,725594115.0,9.105246633654774,3.105246633654774,-9.043953732041098,54.71698113207547
1,IV:AZ,0.0069361658850571935,0.1305695286850425,725594114.0,4.071698814482703,0.0716988144827031,-8.027768095981212,55.18867924528303
1,IV:DZ,0.007855708033161685,0.09968438250030826,725594114.0,4.6114925184323114,0.6114925184323114,-7.487974392031604,54.95283018867924
1,IV:EZ,0.008257567121058348,0.0885934980134978,725594114.0,4.847393619832289,0.8473936198322889,-7.2520732906316265,55.4245283018868
1,IV:LZ,0.010286084588279095,0.048845576205287226,725594114.0,6.038182926678871,2.0381829266788714,-6.061283983785044,54.716981132075496
1,IV:AgZ,0.012280330590945972,0.02720302704872148,725594114.0,7.208854046632721,3.2088540466327213,-4.890612863831194,55.89622641509434
1,IV:SxZ,0.0029813222469654782,0.18611359807155625,725594113.0,1.7501089881243739,-0.24989101187562612,-4.299624467107584,53.53773584905668
1,IV:KZ,0.025695797871904014,0.0017810524492303248,725594115.0,15.084061059960653,9.084061059960653,-3.0651393057352188,56.60377358490566
0,IV:Z,0.0,1.0,725594112.0,0.0,0.0,0.0,52.12264150943427
1,IV:EdZ,0.02578359443133747,0.0005168282764280667,725594114.0,15.135599785084139,11.135599785084139,3.0361328746202236,56.36792452830197
1,IV:CZ,0.026870264779204678,0.0003756882381042437,725594114.0,15.773501824981492,11.773501824981492,3.674034914517577,58.01886792452831
2,IV:ApPZ,0.09022702400154745,0.0,725594119.0,52.965467197498235,38.965467197498235,10.617333010874532,66.98113207547169
2,IV:ApNZ,0.09753006344904594,0.0,725594119.0,57.25252975529559,43.25252975529559,14.904395568671887,67.21698113207559
2,IV:ApBZ,0.09982101775006548,0.0,725594119.0,58.59737589451367,44.59737589451367,16.249241707889965,67.45283018867924
1,IV:ApZ,0.08716028299944047,0.0,725594113.0,51.165215313455896,49.165215313455896,45.11548185822394,66.98113207547189
